train:,"[{'acc': 1.0, 'cm': array([[72,  0,  0,  0],
       [ 0, 72,  0,  0],
       [ 0,  0, 72,  0],
       [ 0,  0,  0, 72]]), 'loss': 0.06761777400970459}]"
val: ,"[{'acc': 1.0, 'cm': array([[14,  0,  0,  0],
       [ 0, 13,  0,  0],
       [ 0,  0, 17,  0],
       [ 0,  0,  0, 13]]), 'loss': 0.08652231149506151}]"
test,"[{'acc': 0.5486111111111112, 'cm': array([[38, 17,  9,  8],
       [16, 41,  7,  8],
       [ 9, 11, 45,  7],
       [13, 22,  3, 34]]), 'loss': 1.0409243901570637}]"
