train:,"[{'acc': 1.0, 'cm': array([[72,  0,  0,  0],
       [ 0, 72,  0,  0],
       [ 0,  0, 72,  0],
       [ 0,  0,  0, 72]]), 'loss': 0.03606465127733019}]"
val: ,"[{'acc': 1.0, 'cm': array([[13,  0,  0,  0],
       [ 0, 15,  0,  0],
       [ 0,  0, 15,  0],
       [ 0,  0,  0, 14]]), 'loss': 0.043869666885911374}]"
test,"[{'acc': 0.7013888888888888, 'cm': array([[64,  4,  0,  4],
       [ 4, 68,  0,  0],
       [23, 15, 19, 15],
       [13,  6,  2, 51]]), 'loss': 0.844733026292589}]"
