train:,"[{'acc': 1.0, 'cm': array([[72,  0,  0,  0],
       [ 0, 72,  0,  0],
       [ 0,  0, 72,  0],
       [ 0,  0,  0, 72]]), 'loss': 0.01289180169502894}]"
val: ,"[{'acc': 1.0, 'cm': array([[13,  0,  0,  0],
       [ 0, 15,  0,  0],
       [ 0,  0, 15,  0],
       [ 0,  0,  0, 14]]), 'loss': 0.01622786751964636}]"
test,"[{'acc': 0.8229166666666666, 'cm': array([[49,  5,  0, 18],
       [ 2, 66,  0,  4],
       [ 0,  0, 53, 19],
       [ 0,  0,  3, 69]]), 'loss': 0.4022090435028076}]"
