train:,"[{'acc': 1.0, 'cm': array([[72,  0,  0,  0],
       [ 0, 72,  0,  0],
       [ 0,  0, 72,  0],
       [ 0,  0,  0, 72]]), 'loss': 0.017294898629188538}]"
val: ,"[{'acc': 1.0, 'cm': array([[14,  0,  0,  0],
       [ 0, 13,  0,  0],
       [ 0,  0, 17,  0],
       [ 0,  0,  0, 13]]), 'loss': 0.02154633873387387}]"
test,"[{'acc': 0.7986111111111112, 'cm': array([[60, 10,  1,  1],
       [ 8, 43, 10, 11],
       [ 0,  8, 58,  6],
       [ 0,  3,  0, 69]]), 'loss': 0.5060413678487142}]"
