train:,"[{'acc': 1.0, 'cm': array([[72,  0,  0,  0],
       [ 0, 72,  0,  0],
       [ 0,  0, 72,  0],
       [ 0,  0,  0, 72]]), 'loss': 0.0975046157836914}]"
val: ,"[{'acc': 1.0, 'cm': array([[13,  0,  0,  0],
       [ 0, 16,  0,  0],
       [ 0,  0, 14,  0],
       [ 0,  0,  0, 14]]), 'loss': 0.09715787151403595}]"
test,"[{'acc': 0.8055555555555556, 'cm': array([[55, 10,  5,  2],
       [ 2, 61,  7,  2],
       [ 3,  1, 60,  8],
       [ 5,  3,  8, 56]]), 'loss': 0.6799734433492025}]"
