train:,"[{'acc': 0.825, 'cm': array([[154,   0,  55,   0],
       [  0, 210,   0,   0],
       [ 91,   0, 123,   0],
       [  0,   0,   1, 206]]), 'loss': 0.3229184105282738}]"
val: ,"[{'acc': 0.8095238095238095, 'cm': array([[25,  0, 14,  0],
       [ 0, 42,  0,  0],
       [18,  0, 23,  0],
       [ 0,  0,  0, 46]]), 'loss': 0.32015968504406156}]"
test,"[{'acc': 0.5583333333333333, 'cm': array([[ 9,  0, 80,  2],
       [ 0, 90,  0,  0],
       [72,  0, 12,  2],
       [ 2,  0,  1, 90]]), 'loss': 0.7838489108615452}]"
