train:,"[{'acc': 1.0, 'cm': array([[500,   0,   0],
       [  0, 500,   0],
       [  0,   0, 500]]), 'loss': 0.0042996320724487305}]"
val: ,"[{'acc': 1.0, 'cm': array([[ 94,   0,   0],
       [  0, 110,   0],
       [  0,   0,  96]]), 'loss': 0.0036899936199188232}]"
test,"[{'acc': 0.33555555555555555, 'cm': array([[  0, 288,  12],
       [  0, 285,  15],
       [  1, 282,  17]]), 'loss': 2.661152072482639}]"
