train:,"[{'acc': 1.0, 'cm': array([[72,  0,  0,  0],
       [ 0, 72,  0,  0],
       [ 0,  0, 72,  0],
       [ 0,  0,  0, 72]]), 'loss': 0.01645170980029636}]"
val: ,"[{'acc': 1.0, 'cm': array([[13,  0,  0,  0],
       [ 0, 15,  0,  0],
       [ 0,  0, 15,  0],
       [ 0,  0,  0, 14]]), 'loss': 0.019336643971894916}]"
test,"[{'acc': 0.9305555555555556, 'cm': array([[67,  3,  2,  0],
       [ 0, 72,  0,  0],
       [ 0,  3, 67,  2],
       [ 4,  1,  5, 62]]), 'loss': 0.23023128509521484}]"
