train:,"[{'acc': 0.999375, 'cm': array([[399,   0,   0,   1],
       [  0, 400,   0,   0],
       [  0,   0, 400,   0],
       [  0,   0,   0, 400]]), 'loss': 0.03345203399658203}]"
val: ,"[{'acc': 1.0, 'cm': array([[73,  0,  0,  0],
       [ 0, 78,  0,  0],
       [ 0,  0, 91,  0],
       [ 0,  0,  0, 78]]), 'loss': 0.033559989929199216}]"
test,"[{'acc': 0.995, 'cm': array([[100,   0,   0,   0],
       [  1,  99,   0,   0],
       [  0,   0, 100,   0],
       [  0,   1,   0,  99]]), 'loss': 0.05832040309906006}]"
