train:,"[{'acc': 1.0, 'cm': array([[72,  0,  0,  0],
       [ 0, 72,  0,  0],
       [ 0,  0, 72,  0],
       [ 0,  0,  0, 72]]), 'loss': 0.017938800983958773}]"
val: ,"[{'acc': 1.0, 'cm': array([[13,  0,  0,  0],
       [ 0, 13,  0,  0],
       [ 0,  0, 17,  0],
       [ 0,  0,  0, 14]]), 'loss': 0.019864243373536226}]"
test,"[{'acc': 0.8472222222222222, 'cm': array([[64,  2,  3,  3],
       [ 7, 64,  1,  0],
       [ 0,  0, 58, 14],
       [ 0,  0, 14, 58]]), 'loss': 0.3926153977711995}]"
